implementacion,metodo,n,reps,tiempo_prom_us
SinglyNoTail,pushFront,10,50000,0.03291702
SinglyNoTail,popBack,10,50000,0.84838996
SinglyNoTail,pushBack,10,50000,0.80360706
SinglyNoTail,popFront,10,50000,0.00137478
SinglyNoTail,topFront,10,50000,0.0010605
SinglyNoTail,topBack,10,50000,0.007213499999999999
SinglyNoTail,find,10,50000,0.02125306
SinglyNoTail,erase,10,5,0.041
SinglyNoTail,addBefore,10,5,5.0208
SinglyNoTail,addAfter,10,5,7.8986
SinglyNoTail,pushFront,100,50000,0.00464438
SinglyNoTail,popBack,100,50000,0.96855886
SinglyNoTail,pushBack,100,50000,0.96067392
SinglyNoTail,popFront,100,50000,0.00139282
SinglyNoTail,topFront,100,50000,0.0010570999999999998
SinglyNoTail,topBack,100,50000,0.15967822
SinglyNoTail,find,100,50000,0.10435688
SinglyNoTail,erase,100,5,0.1004
SinglyNoTail,addBefore,100,5,2.9124
SinglyNoTail,addAfter,100,5,2.618
SinglyNoTail,pushFront,1000,50000,0.01491488
SinglyNoTail,popBack,1000,50000,2.93878634
SinglyNoTail,pushBack,1000,50000,2.98472184
SinglyNoTail,popFront,1000,50000,0.01045108
SinglyNoTail,topFront,1000,50000,0.00917718
SinglyNoTail,topBack,1000,50000,2.21705998
SinglyNoTail,find,1000,50000,1.03492662
SinglyNoTail,erase,1000,49,2.7811632653061222
SinglyNoTail,addBefore,1000,50,1.8601400000000001
SinglyNoTail,addAfter,1000,50,0.55674
SinglyNoTail,pushFront,10000,50000,0.00832118
SinglyNoTail,popBack,10000,10000,22.130200499999997
SinglyNoTail,pushBack,10000,10000,23.051738
SinglyNoTail,popFront,10000,50000,0.00430738
SinglyNoTail,topFront,10000,50000,0.00363856
SinglyNoTail,topBack,10000,10000,22.315476999999998
SinglyNoTail,find,10000,10000,13.316362
SinglyNoTail,erase,10000,100,23.113349999999997
SinglyNoTail,addBefore,10000,100,29.67199
SinglyNoTail,addAfter,10000,100,0.82417
SinglyNoTail,pushFront,100000,50000,0.52146772
SinglyNoTail,popBack,100000,1000,258.35850700000003
SinglyNoTail,pushBack,100000,1000,292.58281
SinglyNoTail,popFront,100000,50000,0.00768992
SinglyNoTail,topFront,100000,50000,0.06365918
SinglyNoTail,topBack,100000,1000,207.708071
SinglyNoTail,find,100000,1000,163.200154
SinglyNoTail,erase,100000,100,166.58645
SinglyNoTail,addBefore,100000,100,169.10258
SinglyNoTail,addAfter,100000,100,1.53791
SinglyNoTail,pushFront,1000000,50000,0.02340196
SinglyNoTail,popBack,1000000,100,6310.23639
SinglyNoTail,pushBack,1000000,100,4593.6265300000005
SinglyNoTail,popFront,1000000,50000,0.01656212
SinglyNoTail,topFront,1000000,50000,0.0095717
SinglyNoTail,topBack,1000000,100,4795.31185
SinglyNoTail,find,1000000,100,3692.3350699999996
SinglyNoTail,erase,1000000,100,3871.64366
SinglyNoTail,addBefore,1000000,100,2875.49485
SinglyNoTail,addAfter,1000000,100,4.64246
SinglyWithTail,pushFront,10,50000,0.16064602
SinglyWithTail,popBack,10,50000,0.9146658999999999
SinglyWithTail,pushBack,10,50000,0.04412896
SinglyWithTail,popFront,10,50000,0.0055756
SinglyWithTail,topFront,10,50000,0.00373236
SinglyWithTail,topBack,10,50000,0.00388312
SinglyWithTail,find,10,50000,0.021487179999999998
SinglyWithTail,erase,10,3,6.027
SinglyWithTail,addBefore,10,5,3.6281999999999996
SinglyWithTail,addAfter,10,5,238.62079999999997
SinglyWithTail,pushFront,100,50000,0.00666248
SinglyWithTail,popBack,100,50000,0.96553562
SinglyWithTail,pushBack,100,50000,0.01042228
SinglyWithTail,popFront,100,50000,0.00482462
SinglyWithTail,topFront,100,50000,0.00358004
SinglyWithTail,topBack,100,50000,0.0037901799999999998
SinglyWithTail,find,100,50000,0.10474984000000001
SinglyWithTail,erase,100,5,3.4068
SinglyWithTail,addBefore,100,5,3.0751999999999997
SinglyWithTail,addAfter,100,5,2.8686
SinglyWithTail,pushFront,1000,50000,0.00775672
SinglyWithTail,popBack,1000,50000,2.72844928
SinglyWithTail,pushBack,1000,50000,0.01237964
SinglyWithTail,popFront,1000,50000,0.0063465
SinglyWithTail,topFront,1000,50000,0.00350988
SinglyWithTail,topBack,1000,50000,0.00384702
SinglyWithTail,find,1000,50000,1.07063376
SinglyWithTail,erase,1000,49,78.59948979591837
SinglyWithTail,addBefore,1000,50,3.92522
SinglyWithTail,addAfter,1000,50,0.50198
SinglyWithTail,pushFront,10000,50000,0.00758594
SinglyWithTail,popBack,10000,10000,24.0271525
SinglyWithTail,pushBack,10000,10000,0.0127934
SinglyWithTail,popFront,10000,50000,0.01893758
SinglyWithTail,topFront,10000,50000,0.00802716
SinglyWithTail,topBack,10000,10000,0.0143595
SinglyWithTail,find,10000,10000,12.9220023
SinglyWithTail,erase,10000,100,11.26077
SinglyWithTail,addBefore,10000,100,24.90915
SinglyWithTail,addAfter,10000,100,0.72645
SinglyWithTail,pushFront,100000,50000,0.16592626000000002
SinglyWithTail,popBack,100000,1000,263.120288
SinglyWithTail,pushBack,100000,1000,0.158269
SinglyWithTail,popFront,100000,50000,0.005755
SinglyWithTail,topFront,100000,50000,0.0044757
SinglyWithTail,topBack,100000,1000,0.026553
SinglyWithTail,find,100000,1000,160.58501
SinglyWithTail,erase,100000,100,150.76001000000002
SinglyWithTail,addBefore,100000,100,136.49665
SinglyWithTail,addAfter,100000,100,1.22176
SinglyWithTail,pushFront,1000000,50000,0.03632742
SinglyWithTail,popBack,1000000,100,6185.29318
SinglyWithTail,pushBack,1000000,100,0.94225
SinglyWithTail,popFront,1000000,50000,0.00582256
SinglyWithTail,topFront,1000000,50000,0.00369102
SinglyWithTail,topBack,1000000,100,0.28991
SinglyWithTail,find,1000000,100,3789.46638
SinglyWithTail,erase,1000000,100,3915.10899
SinglyWithTail,addBefore,1000000,100,3113.84888
SinglyWithTail,addAfter,1000000,100,2.35794
DoublyNoTail,pushFront,10,50000,0.033711239999999996
DoublyNoTail,popBack,10,50000,0.9007794
DoublyNoTail,pushBack,10,50000,0.7670079399999999
DoublyNoTail,popFront,10,50000,0.00651088
DoublyNoTail,topFront,10,50000,0.0075208
DoublyNoTail,topBack,10,50000,0.01244396
DoublyNoTail,find,10,50000,0.02683596
DoublyNoTail,erase,10,5,4.8196
DoublyNoTail,addBefore,10,5,5.1258
DoublyNoTail,addAfter,10,5,1.1458
DoublyNoTail,pushFront,100,50000,0.01016644
DoublyNoTail,popBack,100,50000,0.80067544
DoublyNoTail,pushBack,100,50000,0.84090842
DoublyNoTail,popFront,100,50000,0.0058835
DoublyNoTail,topFront,100,50000,0.0043002000000000005
DoublyNoTail,topBack,100,50000,0.14384594
DoublyNoTail,find,100,50000,0.11722152
DoublyNoTail,erase,100,5,11.1022
DoublyNoTail,addBefore,100,5,4.3098
DoublyNoTail,addAfter,100,5,0.3692
DoublyNoTail,pushFront,1000,50000,0.01244526
DoublyNoTail,popBack,1000,50000,2.71538504
DoublyNoTail,pushBack,1000,50000,2.85493976
DoublyNoTail,popFront,1000,50000,0.0062496
DoublyNoTail,topFront,1000,50000,0.00436006
DoublyNoTail,topBack,1000,50000,2.0575543200000004
DoublyNoTail,find,1000,50000,1.05142868
DoublyNoTail,erase,1000,50,0.30676
DoublyNoTail,addBefore,1000,50,0.39812000000000003
DoublyNoTail,addAfter,1000,50,0.11884
DoublyNoTail,pushFront,10000,50000,0.008261300000000001
DoublyNoTail,popBack,10000,10000,22.804673299999997
DoublyNoTail,pushBack,10000,10000,23.906003000000002
DoublyNoTail,popFront,10000,50000,0.01235396
DoublyNoTail,topFront,10000,50000,0.00418378
DoublyNoTail,topBack,10000,10000,16.813308
DoublyNoTail,find,10000,10000,12.026340099999999
DoublyNoTail,erase,10000,100,0.23238999999999999
DoublyNoTail,addBefore,10000,100,0.95429
DoublyNoTail,addAfter,10000,100,0.63536
DoublyNoTail,pushFront,100000,50000,0.3404067
DoublyNoTail,popBack,100000,1000,261.516253
DoublyNoTail,pushBack,100000,1000,274.22088199999996
DoublyNoTail,popFront,100000,50000,0.00571234
DoublyNoTail,topFront,100000,50000,0.00455382
DoublyNoTail,topBack,100000,1000,257.105274
DoublyNoTail,find,100000,1000,136.464303
DoublyNoTail,erase,100000,100,0.38943
DoublyNoTail,addBefore,100000,100,1.14721
DoublyNoTail,addAfter,100000,100,0.6345
DoublyNoTail,pushFront,1000000,50000,0.9528178
DoublyNoTail,popBack,1000000,100,5345.63642
DoublyNoTail,pushBack,1000000,100,4387.5341100000005
DoublyNoTail,popFront,1000000,50000,0.00618428
DoublyNoTail,topFront,1000000,50000,0.00424318
DoublyNoTail,topBack,1000000,100,6518.7030700000005
DoublyNoTail,find,1000000,100,4328.37206
DoublyNoTail,erase,1000000,100,2.24888
DoublyNoTail,addBefore,1000000,100,4.87093
DoublyNoTail,addAfter,1000000,100,3.36514
DoublyWithTail,pushFront,10,50000,0.04325536000000001
DoublyWithTail,popBack,10,50000,0.03808958
DoublyWithTail,pushBack,10,50000,0.01349754
DoublyWithTail,popFront,10,50000,0.01119628
DoublyWithTail,topFront,10,50000,0.00418054
DoublyWithTail,topBack,10,50000,0.00510342
DoublyWithTail,find,10,50000,0.025610499999999998
DoublyWithTail,erase,10,4,2.97625
DoublyWithTail,addBefore,10,5,2.9768000000000003
DoublyWithTail,addAfter,10,5,0.246
DoublyWithTail,pushFront,100,50000,0.0273201
DoublyWithTail,popBack,100,50000,0.006835740000000001
DoublyWithTail,pushBack,100,50000,0.08006355999999999
DoublyWithTail,popFront,100,50000,0.0127702
DoublyWithTail,topFront,100,50000,0.00415764
DoublyWithTail,topBack,100,50000,0.0059939799999999994
DoublyWithTail,find,100,50000,0.11328861999999999
DoublyWithTail,erase,100,5,4.457
DoublyWithTail,addBefore,100,5,3.7824
DoublyWithTail,addAfter,100,5,3.3
DoublyWithTail,pushFront,1000,50000,0.01112024
DoublyWithTail,popBack,1000,50000,0.00989334
DoublyWithTail,pushBack,1000,50000,0.01133028
DoublyWithTail,popFront,1000,50000,0.05447468
DoublyWithTail,topFront,1000,50000,0.00501098
DoublyWithTail,topBack,1000,50000,0.005874760000000001
DoublyWithTail,find,1000,50000,1.18846782
DoublyWithTail,erase,1000,49,0.33187755102040817
DoublyWithTail,addBefore,1000,50,0.42642
DoublyWithTail,addAfter,1000,50,0.11216
DoublyWithTail,pushFront,10000,50000,0.0106869
DoublyWithTail,popBack,10000,10000,0.0114756
DoublyWithTail,pushBack,10000,10000,0.0077234
DoublyWithTail,popFront,10000,50000,0.01110764
DoublyWithTail,topFront,10000,50000,0.0041355
DoublyWithTail,topBack,10000,10000,0.006376000000000001
DoublyWithTail,find,10000,10000,12.9412516
DoublyWithTail,erase,10000,98,0.29220408163265305
DoublyWithTail,addBefore,10000,100,0.9508099999999999
DoublyWithTail,addAfter,10000,100,0.81324
DoublyWithTail,pushFront,100000,50000,0.27286604
DoublyWithTail,popBack,100000,1000,0.02558
DoublyWithTail,pushBack,100000,1000,0.030147
DoublyWithTail,popFront,100000,50000,0.01333608
DoublyWithTail,topFront,100000,50000,0.00416256
DoublyWithTail,topBack,100000,1000,0.043054
DoublyWithTail,find,100000,1000,144.85508
DoublyWithTail,erase,100000,100,2.62453
DoublyWithTail,addBefore,100000,100,0.7958
DoublyWithTail,addAfter,100000,100,1.3725
DoublyWithTail,pushFront,1000000,50000,0.07247736
DoublyWithTail,popBack,1000000,100,0.19759000000000002
DoublyWithTail,pushBack,1000000,100,0.07619
DoublyWithTail,popFront,1000000,50000,0.0066343800000000005
DoublyWithTail,topFront,1000000,50000,0.00671048
DoublyWithTail,topBack,1000000,100,0.29572000000000004
DoublyWithTail,find,1000000,100,4284.597589999999
DoublyWithTail,erase,1000000,100,2.7155
DoublyWithTail,addBefore,1000000,100,3.42734
DoublyWithTail,addAfter,1000000,100,4.30941
